Country or region,Value,Overall rank,Score,GDP per capita,Social support,Healthy life expectancy,Freedom to make life choices,Generosity,Perceptions of corruption,Year,Deaths - Cause: All causes - Risk: Outdoor air pollution - OWID - Sex: Both - Age: All Ages (Number),Deaths - Cause: All causes - Risk: Alcohol use - Sex: Both - Age: All Ages (Number),Deaths - Cocaine use disorders - Sex: Both - Age: All Ages (Number),Deaths - Opioid use disorders - Sex: Both - Age: All Ages (Number),Deaths - Amphetamine use disorders - Sex: Both - Age: All Ages (Number),Internet Users,Population,Percentage,Latitude,Longitude,tavg,tmin,tmax,wdir,wspd,pres,"Crude marriage rate (per 1,000 inhabitants)","Crude divorce rate (per 1,000 inhabitants)",gpi21,wakeupTime,Deaths_Drugs
Finland,Yes,1.0,7.769,1.34,1.587,0.986,0.596,0.153,0.393,2019.0,415.0,2634.0,12.0,219.0,17.0,4831170.0,5523231.0,87.47,60.173323999999994,24.941025,7.352893982808022,4.238338108882521,10.389506880733945,201.307249712313,15.171420356526738,1012.3530189764232,4.8,2.4000001,1.402,7.44,248.0
Denmark,Yes,2.0,7.6,1.383,1.573,0.996,0.592,0.252,0.41,2019.0,1475.0,3524.0,8.0,146.0,12.0,5567278.0,5733551.0,97.1,55.676097,12.568337,10.321334100057504,7.463088404133181,13.111270845313399,202.0506329113924,16.55681426106958,1014.2737629459149,5.5,2.5999999,1.256,7.19,166.0
Norway,Yes,3.0,7.554,1.488,1.582,1.028,0.603,0.271,0.341,2019.0,454.0,1263.0,9.0,185.0,11.0,5120225.0,5305383.0,96.51,59.913869,10.752245,8.104240687679082,4.511232091690545,12.210773638968481,139.94852515905148,10.13,1011.8986206896552,4.4,2.0,1.438,7.43,205.0
Iceland,Yes,4.0,7.494,1.38,1.624,1.026,0.591,0.354,0.118,2019.0,19.0,71.0,1.0,10.0,1.0,329196.0,335025.0,98.26,64.126521,-21.817439,5.449111747851004,2.7296275071633236,8.376962750716332,150.15149700598803,18.011974668969486,1005.1107378524296,5.242737919429688,2.013469366820821,1.1,7.41,12.0
Netherlands,Yes,5.0,7.488,1.396,1.522,0.999,0.557,0.322,0.298,2019.0,4998.0,7565.0,9.0,128.0,10.0,15877494.0,17035938.0,93.2,52.370216,4.895168000000001,11.17919540229885,7.638103448275862,14.662528735632183,187.8971264367816,17.39258620689655,1015.4638505747128,3.8,1.9,1.506,7.47,147.0
Switzerland,Yes,6.0,7.48,1.452,1.526,1.052,0.572,0.263,0.343,2019.0,1621.0,3938.0,11.0,156.0,11.0,7942864.0,8476005.0,93.71,37.004981158465625,19.47946251676573,19.670792015403872,15.365180105191119,24.04573009882217,180.7541144527282,12.104199034056732,1013.7374787602914,4.8,1.9,1.323,7.13,178.0
Sweden,Yes,7.0,7.343,1.387,1.487,1.009,0.574,0.267,0.373,2019.0,757.0,4340.0,22.0,345.0,36.0,9554907.0,9910701.0,96.41,59.329323,18.068581,8.201384881708021,4.244036697247707,11.695011467889907,201.0796568627451,12.152421307506053,1012.3773802654357,5.2,2.4000001,1.46,7.21,403.0
New Zealand,Yes,8.0,7.307,1.303,1.557,1.026,0.585,0.33,0.38,2019.0,333.0,1352.0,1.0,29.0,3.0,4273353.0,4705818.0,90.81,-41.28646,174.776236,13.955733944954128,11.372962112514351,16.619908204245554,150.2458165031737,24.88136180034622,1014.5932004689332,4.3,1.981402820349727,1.253,7.11,33.0
Canada,Yes,9.0,7.278,1.365,1.505,1.039,0.584,0.285,0.308,2019.0,4393.0,13622.0,325.0,1867.0,146.0,33950632.0,36624199.0,92.7,45.42153,-75.697193,7.3067621776504295,2.227679083094556,12.389226361031518,203.554272517321,12.124798619102418,1015.8306004618938,4.622847526240306,1.9976199310677154,1.33,7.33,2338.0
Austria,Yes,10.0,7.246,1.376,1.475,1.016,0.532,0.244,0.226,2019.0,2668.0,4944.0,4.0,111.0,5.0,7681957.0,8735453.0,87.94,48.208174,16.373819,13.872378223495701,10.626204128440365,17.382521489971346,226.08115942028985,12.103275862068966,1017.1052295177224,5.1,1.8,1.317,7.2,120.0
Australia,Yes,11.0,7.228,1.372,1.548,1.036,0.557,0.332,0.29,2019.0,1897.0,8576.0,8.0,473.0,45.0,21159515.0,24450561.0,86.54,37.33898883636422,23.49836442290248,19.638824284925253,15.408894147407803,24.03450924346357,180.6701479247495,11.725163889364104,1013.7747121694139,4.6,2.0,1.47,7.13,526.0
Costa Rica,No,12.0,7.167,1.034,1.441,0.963,0.558,0.144,0.093,2019.0,968.0,1113.0,13.0,6.0,2.0,3511549.0,4905769.0,71.58,28.814282830726633,18.595088835474503,19.790057952237454,15.399491379059953,23.89667060894549,180.83911594223162,12.207750478327968,1013.6458449560344,5.2,2.5999999,1.735,6.38,21.0
Israel,Yes,13.0,7.139,1.276,1.455,1.029,0.371,0.261,0.082,2019.0,2479.0,651.0,3.0,40.0,3.0,6788737.0,8321570.0,81.58,32.0853,34.781768,20.85060171919771,16.12723623853211,25.876848137535816,189.33904761904762,10.787011494252875,1013.0664113140837,5.27921394013775,1.950986915440624,2.669,7.54,46.0
Luxembourg,Yes,14.0,7.09,1.609,1.479,1.012,0.526,0.194,0.316,2019.0,103.0,280.0,1.0,10.0,1.0,570794.0,583455.0,97.83,49.611621,6.131935,11.731002865329511,5.388997134670487,17.487220630372494,168.43951612903226,13.877918343875791,1017.0728004600345,3.2,2.0,1.5773787101309993,7.41,12.0
United Kingdom,No,15.0,7.054,1.333,1.538,0.996,0.45,0.348,0.278,2019.0,15050.0,25242.0,121.0,1968.0,140.0,62621016.0,66181585.0,94.62,51.507351,-0.127758,10.92269340974212,7.582768523836876,14.410212277682158,192.58218390804598,14.341551724137931,1015.5672988505747,4.326313759417083,2.0558738521420645,1.658,7.33,2229.0
Ireland,Yes,16.0,7.021,1.499,1.553,0.999,0.516,0.298,0.31,2019.0,551.0,1543.0,9.0,145.0,11.0,4024552.0,4761657.0,84.52,53.349805,-6.26031,10.12224770642202,6.804529816513762,14.439220183486238,201.64655172413794,17.62293103448276,1013.782643678161,4.6,1.9940969055257436,1.326,7.5,165.0
Germany,Yes,17.0,6.985,1.373,1.454,0.987,0.495,0.261,0.265,2019.0,29401.0,76279.0,69.0,1232.0,83.0,69304405.0,82114224.0,84.4,52.520007,13.404954,11.062177650429799,7.274097421203438,14.923151862464184,203.05344827586208,13.54567335243553,1015.8649856733524,4.9,1.9,1.48,7.25,1384.0
Belgium,No,18.0,6.923,1.356,1.504,0.986,0.473,0.16,0.21,2019.0,3807.0,7237.0,10.0,166.0,12.0,10021242.0,11429336.0,87.68,50.85034,4.35171,12.050200573065903,8.291394148020654,16.03954154727794,182.8837744533947,12.474310344827586,1016.1993103448276,3.9,2.0,1.496,7.4,188.0
United States,No,19.0,6.892,1.433,1.457,0.874,0.454,0.28,0.128,2019.0,60572.0,136663.0,8323.0,47337.0,4437.0,244090854.0,324459463.0,75.23,38.907192,-77.036871,15.329226361031518,10.945845272206304,20.232893982808022,191.90041493775934,13.68349570200573,1017.9394997091332,6.900000095,2.9000001,2.337,7.2,60097.0
Czech Republic,No,20.0,6.852,1.269,1.487,0.92,0.457,0.046,0.036,2019.0,-3138.2525682109263,4696.151917380868,99.65476208931352,686.9527193717122,46.299997018443094,8358728.0,10618303.0,78.72,50.075538,14.4378,12.329661503155478,7.852151462994836,16.617461229178634,215.59425287356322,8.706666666666667,1017.1095977011494,4.843915717783803,1.920786647824269,1.329,7.15,832.9074784794689
United Arab Emirates,Yes,21.0,6.825,1.503,1.31,0.825,0.598,0.262,0.182,2019.0,3401.0,553.0,104.0,456.0,57.0,8913217.0,9400145.0,94.82,24.299174,54.69727700000001,28.99627507163324,23.332282110091743,35.534441260744984,178.58675659104844,13.512270642201836,1008.0945633314054,5.333075297808501,2.019826286123643,1.848,7.43,617.0
Malta,Yes,22.0,6.726,1.3,1.52,0.999,0.564,0.375,0.151,2019.0,163.0,110.0,0.0,6.0,1.0,344970.0,430835.0,80.07,35.898909,14.514553,19.776777522935777,16.411618497109824,23.6662456946039,221.0097382836275,16.05290941811638,1016.1472759226713,6.3,0.69999999,1.6725761908630683,7.41,7.0
Mexico,Yes,23.0,6.595,1.07,1.323,0.861,0.433,0.074,0.073,2019.0,38854.0,49889.0,274.0,135.0,56.0,82470752.0,129163276.0,63.85,-1.0910716690685973,45.30457865506722,19.35201616349186,15.613958209702865,24.046607709959986,180.74606801935292,9.077678039514677,1013.4717015828006,4.3,0.44418942263539885,2.62,7.09,465.0
France,Yes,24.0,6.592,1.324,1.472,1.045,0.436,0.111,0.183,2019.0,14378.0,42156.0,41.0,1526.0,95.0,52308536.0,64979548.0,80.5,48.856614,2.352222,13.65598853868195,9.902406876790831,18.080401146131805,180.078250863061,11.145888441633122,1016.954686601495,3.5,1.8207149665097524,1.868,7.51,1662.0
Taiwan,No,25.0,6.446,1.368,1.43,0.914,0.351,0.242,0.097,2019.0,12127.0,11192.0,5.0,259.0,113.0,21920626.0,23626456.0,92.78,25.032969,121.565418,23.89220630372493,20.93352435530086,27.770200573065903,132.14356435643563,13.89839541547278,1012.9740139211136,5.255767108286316,2.07187256796842,1.662,7.56,377.0
Chile,Yes,26.0,6.444,1.159,1.369,0.92,0.357,0.187,0.056,2019.0,5935.0,8556.0,8.0,50.0,4.0,14864456.0,18054726.0,82.33,32.89472006896062,21.78696389588336,19.544955959867007,15.432770216626892,24.175567919977432,180.6743157036906,11.849658499377805,1013.7594680930227,5.094074880625994,1.9344560834602484,1.831,7.4,62.0
Guatemala,Yes,27.0,6.436,0.8,1.269,0.746,0.535,0.175,0.078,2019.0,3789.0,5890.0,113.0,47.0,15.0,6883796.0,16913503.0,40.7,18.739512765931394,20.361162013233876,19.487115531858578,15.471028383202892,24.249786646013703,181.06293504348469,11.842327447016343,1013.4929023489591,5.342748753352052,1.639945940161729,2.195,7.4,175.0
Saudi Arabia,Yes,28.0,6.375,1.403,1.357,0.795,0.439,0.08,0.132,2019.0,18105.0,722.0,23.0,141.0,11.0,27048861.0,32938213.0,82.12,38.75627532316719,24.173047777812535,19.406840925885415,15.306450982121024,24.534254539219965,180.43340137072704,12.254650462062465,1013.7402386318057,5.934911497636514,1.8744004552806341,2.376,8.27,175.0
Qatar,Yes,29.0,6.374,1.684,1.313,0.871,0.555,0.22,0.167,2019.0,548.0,75.0,1.0,6.0,0.0,2532059.0,2639211.0,95.94,25.285447,51.53104,28.635587392550143,24.43795871559633,33.74994266055046,208.25734853029394,14.149225473321858,1008.2712305025997,5.242762104848219,2.0032604669419967,1.605,7.32,7.0
Spain,Yes,30.0,6.354,1.286,1.484,1.062,0.362,0.153,0.079,2019.0,11774.0,19330.0,27.0,533.0,38.0,39215756.0,46354321.0,84.6,40.416775,-3.70379,13.741805635422656,9.33211009174312,18.786632243258747,151.44805194805195,7.9160173160173155,1018.9658008658009,3.7,2.0999999,1.621,8.05,598.0
Panama,No,31.0,6.321,1.149,1.442,0.91,0.516,0.109,0.054,2019.0,672.0,866.0,9.0,4.0,1.0,2371852.0,4098587.0,57.87,9.101179,-79.402864,26.541942990110527,23.04653868528214,30.859860383944152,235.71361185983827,8.811623831775702,1010.2356622114215,5.252192637572786,1.942321390222017,1.919,7.41,14.0
Brazil,Yes,32.0,6.3,1.004,1.439,0.802,0.39,0.099,0.086,2019.0,47257.0,77477.0,756.0,133.0,19.0,141206801.0,209288278.0,67.47,-38.43975771669747,66.7368176656836,18.945143241053195,15.745628410421968,24.130537336462705,180.42323875839546,6.78676406625462,1013.3798340986834,3.8615071533638394,-0.5901047108999213,2.43,7.31,908.0
Uruguay,Yes,33.0,6.293,1.124,1.465,0.891,0.523,0.127,0.15,2019.0,769.0,1689.0,2.0,10.0,1.0,2360269.0,3456750.0,68.28,-34.901113,-56.164531,16.615816618911175,12.585853939045428,21.001726121979285,139.66224366706876,11.839007501442586,1015.9450704225352,5.2112418666982405,1.9678633695562018,1.817,7.41,13.0
Singapore,Yes,34.0,6.262,1.572,1.463,1.141,0.556,0.271,0.453,2019.0,1378.0,307.0,1.0,11.0,1.0,4821119.0,5708844.0,84.45,1.280095,103.850949,28.246876790830946,25.721031518624642,31.764469914040113,124.01471453796351,9.760091743119265,1009.388901734104,5.246713989161827,1.9628926635625923,1.347,7.38,13.0
El Salvador,Yes,35.0,6.253,0.794,1.242,0.789,0.43,0.093,0.074,2019.0,1969.0,2306.0,3.0,4.0,1.0,1993079.0,6377853.0,31.25,13.69294,-89.21819100000002,27.137471264367814,22.721091954022988,32.30448275862069,106.6299504950495,8.683266244968372,1010.9695380774032,5.331256564341776,1.856401363706771,2.184,7.41,8.0
Italy,Yes,36.0,6.223,1.294,1.488,1.039,0.231,0.158,0.03,2019.0,28153.0,30365.0,23.0,399.0,33.0,36387619.0,59359900.0,61.3,41.902784,12.496366,16.916103151862462,11.930504587155962,22.474899483055715,141.53750738334318,9.865860679332181,1015.3758459743291,3.2,1.5,1.652,7.52,455.0
Bahrain,Yes,37.0,6.199,1.362,1.368,0.871,0.536,0.255,0.11,2019.0,643.0,69.0,0.0,3.0,0.0,1431090.0,1492584.0,95.88,26.228516,50.58605,28.055873925501434,25.113555427914992,31.851694428489374,234.55021302495436,15.865803108808292,1008.8691931540342,5.275722578782403,2.0157182925564734,2.121,7.41,3.0
Slovakia,No,38.0,6.198,1.246,1.504,0.881,0.334,0.121,0.014,2019.0,3549.0,3493.0,1.0,14.0,1.0,4446926.0,5447662.0,81.63,48.145891999999996,17.107137,12.560172413793104,8.186206896551724,16.976436781609195,202.07905604719764,13.396149425287357,1017.2718965517242,5.8,1.8,1.557,7.18,16.0
Trinidad & Tobago,No,39.0,6.192,1.231,1.477,0.713,0.489,0.185,0.016,2019.0,29296.673758095305,15927.266030352503,86.91666734412446,628.3203899748241,55.10461880444785,24413280.079358004,49520922.008214645,70.1618095468208,30.34616162862499,22.899590105240847,19.564707403442767,15.409152820984975,24.20421084729776,181.1279670365464,11.679974784175874,1013.529740280623,6.635499852185947,1.4281698204529016,1.848442062166536,7.39,770.3416761233964
Poland,Yes,40.0,6.182,1.206,1.438,0.884,0.483,0.117,0.05,2019.0,28426.0,26320.0,10.0,142.0,14.0,29005924.0,38170712.0,75.99,52.229676,21.012229,10.732110091743118,6.421449108683151,14.980758184951178,195.45333333333335,12.370097757331799,1016.0979298447384,5.1,1.7,1.524,7.25,166.0
Uzbekistan,Yes,41.0,6.174,0.745,1.529,0.756,0.631,0.322,0.24,2019.0,26991.0,9562.0,23.0,133.0,12.0,16692456.0,31910641.0,52.31,28.693345001157404,20.54932011329169,19.54339347989157,15.410913306817495,24.307878150373426,180.86174864372597,12.11234788289145,1013.6421818853543,6.627954203750008,1.755875699304204,2.062,7.4,168.0
Lithuania,Yes,42.0,6.149,1.238,1.515,0.818,0.291,0.043,0.042,2019.0,1280.0,2310.0,5.0,140.0,8.0,2243448.0,2890297.0,77.62,54.687156,25.279651,8.845584862385321,4.920632183908046,13.098393574297189,200.01573849878935,13.0159286946521,1014.8556083086053,7.5,3.0,1.689,7.41,153.0
Colombia,Yes,43.0,6.125,0.985,1.41,0.841,0.47,0.099,0.034,2019.0,13306.0,7563.0,51.0,32.0,8.0,30548252.0,49065615.0,62.26,19.129123357534375,28.18923584166813,19.69657438900682,15.497504459153891,24.048793428242682,180.84420002438875,11.45859240621061,1013.4160996115545,5.537898500450105,1.3060189189890785,2.694,6.31,91.0
Slovenia,No,44.0,6.118,1.258,1.523,0.953,0.564,0.144,0.057,2019.0,886.0,1115.0,1.0,22.0,1.0,1640893.0,2079976.0,78.89,46.056946999999994,14.505751,13.832836676217765,9.34676217765043,19.07220630372493,169.6587070471753,5.464322766570605,1017.5248102743725,3.1,1.2,1.315,7.41,24.0
Nicaragua,No,45.0,6.105,0.694,1.325,0.835,0.435,0.2,0.127,2019.0,1034.0,1706.0,4.0,4.0,1.0,1732218.0,6217581.0,27.86,12.114993,-86.236174,27.46865329512894,23.14761904761905,32.67089285714285,107.75843041079092,13.352210274790918,1011.0960972488804,5.298713470525939,1.8366302022420173,2.445,7.41,9.0
Kosovo,No,46.0,6.1,0.882,1.232,0.758,0.489,0.262,0.006,2019.0,29298.92545716194,15927.266233709159,86.95660765356556,623.4360418782608,56.043506921489794,24413280.079216637,49520922.00939493,67.340460849413,29.30510579604659,22.911596502204127,19.418239418914013,15.382743692048802,24.38902815484893,181.12720840638184,11.678164297928433,1013.5281697413194,9.6,0.60000002,1.8853844562837279,7.39,766.4361564533161
Argentina,No,47.0,6.086,1.092,1.432,0.881,0.471,0.066,0.05,2019.0,13120.0,20962.0,10.0,48.0,3.0,33561876.0,44271041.0,75.81,-34.603684,-58.381559,17.56819484240688,13.91186246418338,21.8573732718894,149.84903381642513,13.70063731170336,1016.12109375,4.861884897558849,1.6867394202441228,1.945,7.38,61.0
Romania,Yes,48.0,6.07,1.162,1.232,0.825,0.462,0.083,0.005,2019.0,14723.0,19601.0,5.0,122.0,4.0,12545558.0,19679306.0,63.75,44.426767,26.102538,13.570601719197708,8.61823394495413,19.317707736389686,150.63542265669926,5.708563218390805,1016.8349425287356,7.3,1.6,1.53,8.01,131.0
Cyprus,Yes,49.0,6.046,1.263,1.223,1.042,0.406,0.19,0.041,2019.0,462.0,333.0,1.0,12.0,1.0,952369.0,1179551.0,80.74,35.185566,33.382276,21.02189440993789,15.394720496894411,28.036490683229815,264.3354037267081,8.604192546583851,1012.3374223602485,6.8,2.2,1.912,7.41,14.0
Ecuador,Yes,50.0,6.028,0.912,1.312,0.868,0.498,0.126,0.087,2019.0,4295.0,3964.0,29.0,17.0,4.0,9521056.0,16624858.0,57.27,25.517947373257158,20.884413304018302,19.542229811080375,15.454541140630859,24.187206494166485,180.90283371343332,11.952943025722478,1013.5636342729521,5.3263118549436355,1.7491753766846767,2.044,7.39,50.0
Kuwait,Yes,51.0,6.021,1.5,1.319,0.808,0.493,0.142,0.097,2019.0,1551.0,32.0,2.0,5.0,2.0,4053797.0,4136528.0,98.0,29.375859,47.977405,28.141948424068765,20.86379907621247,35.04948036951501,231.94097693351424,14.97298716452742,1009.4409404388715,5.275830672291746,2.0083389320795577,1.688,8.01,9.0
Thailand,Yes,52.0,6.008,1.05,1.409,0.828,0.557,0.359,0.028,2019.0,33772.0,39223.0,36.0,273.0,84.0,36513941.0,69037513.0,52.89,13.756331,100.501765,28.77484240687679,25.603044227455488,33.41060779816514,165.42919254658386,3.0328909405654936,1008.9348891481914,5.9761223353749156,1.2329240351579265,2.205,7.24,393.0
Latvia,Yes,53.0,5.94,1.187,1.465,0.812,0.264,0.075,0.064,2019.0,1131.0,1614.0,2.0,42.0,2.0,1585471.0,1949670.0,81.32,56.949649,24.105185999999996,9.061948051948052,6.104155844155844,12.029675324675326,195.28246753246754,12.169675324675325,1013.9794155844156,6.8,3.0999999,1.686,7.41,46.0
South Korea,No,54.0,5.895,1.301,1.219,1.036,0.159,0.175,0.056,2019.0,23391.0,26892.0,10.0,69.0,5.0,48484084.0,50982212.0,95.1,37.566535,126.97796900000002,13.826189111747851,9.792345986309893,18.42941585535466,211.65857247976453,8.594315789473685,1016.1117231638418,5.2,2.0999999,1.877,7.38,84.0
Estonia,Yes,55.0,5.893,1.237,1.528,0.874,0.495,0.103,0.161,2019.0,167.0,1194.0,4.0,105.0,8.0,1153786.0,1309632.0,88.1,59.436961,24.753575,7.4196561604584526,3.9130884041331804,10.64329128440367,190.51125592417063,11.395505617977527,1012.5979721900349,4.9,2.5,1.612,7.41,117.0
Jamaica,Yes,56.0,5.89,0.831,1.478,0.831,0.49,0.107,0.028,2019.0,964.0,418.0,1.0,3.0,0.0,1409888.0,2890299.0,48.78,18.042327,-76.802893,27.737936962750716,23.4665329512894,31.768252148997135,154.82117224880383,18.65771658060815,1013.8035014836795,5.297005265154456,1.95612598607376,1.992,7.41,4.0
Mauritius,No,57.0,5.888,1.12,1.402,0.798,0.498,0.215,0.06,2019.0,606.0,340.0,1.0,9.0,1.0,702911.0,1265138.0,55.56,-20.166896,57.502332,24.571690544412608,21.832202415181136,27.51345600920069,111.77811550151975,16.48754365541327,1016.8839762611276,5.279236891840964,1.9893265794981074,1.592,7.41,11.0
Japan,Yes,58.0,5.886,1.327,1.419,1.088,0.445,0.069,0.14,2019.0,42742.0,47795.0,33.0,269.0,17.0,115845120.0,127484450.0,90.87,35.709026,139.731992,16.41002865329513,12.869385410683515,20.623178427997704,185.33025404157044,10.140542099192619,1013.9592272202999,4.9,1.7,1.373,7.09,319.0
Honduras,Don't know,59.0,5.86,0.642,1.236,0.828,0.507,0.246,0.078,2019.0,1882.0,2786.0,44.0,31.0,7.0,2977793.0,9265067.0,32.14,20.631983107241638,18.883605625271873,19.527621563163095,15.48226322556857,24.238902403029723,181.01308835032646,12.05503015219412,1013.5341217905413,5.342079313628416,1.780537857853094,2.371,7.41,82.0
Kazakhstan,No,60.0,5.809,1.173,1.508,0.729,0.41,0.146,0.096,2019.0,10704.0,9586.0,74.0,541.0,44.0,13913699.0,18204499.0,76.43,51.160523,71.470356,6.005100286532951,1.7451408855664177,11.575086107921928,179.69617074701821,9.160172910662824,1020.223445595855,5.484457978962231,2.0222408148413553,1.936,7.41,659.0
Bolivia,No,61.0,5.779,0.776,1.209,0.706,0.511,0.137,0.064,2019.0,4011.0,3070.0,25.0,14.0,4.0,4843916.0,11051600.0,43.83,23.48600482731338,19.219958352686756,19.55676853711138,15.442390295590144,24.22550994681218,180.9548406433457,12.074754763058296,1013.5635084566985,5.426854429010532,1.8063718705945573,2.14,7.4,43.0
Hungary,No,62.0,5.758,1.201,1.41,0.828,0.199,0.081,0.02,2019.0,7322.0,9115.0,2.0,48.0,3.0,7461297.0,9721559.0,76.75,47.497912,19.040235,12.947848537005163,8.476091954022989,17.487026406429393,203.52555168408827,9.266144018583043,1017.2842256764536,5.2,1.9,1.494,7.22,53.0
Paraguay,No,63.0,5.743,0.855,1.475,0.777,0.514,0.184,0.08,2019.0,1099.0,2133.0,6.0,5.0,1.0,4160340.0,6811297.0,61.08,-25.26374,-57.575926,23.614498567335247,18.16728971962617,30.385973115137347,122.22694094226941,11.555568720379146,1013.1064457831325,5.205970481025712,1.8989052878745294,1.997,7.4,12.0
Northern Cyprus,No,64.0,5.718,1.263,1.252,1.042,0.417,0.191,0.162,2019.0,29304.177488408255,15927.266708263864,84.62343829152975,679.7824157626555,55.49799605431957,24413280.078771356,49520922.01365826,62.002468284335194,35.185566,33.382276,21.02189440993789,15.394720496894411,28.036490683229815,264.3354037267081,8.604192546583851,1012.3374223602485,6.655062273193132,1.442504040505725,1.94468614323775,7.39,819.9038501085049
Peru,Yes,65.0,5.697,0.96,1.274,0.854,0.455,0.083,0.027,2019.0,8997.0,6740.0,83.0,35.0,12.0,15674241.0,32165485.0,48.73,-12.046374,-77.04279299999999,18.914383954154726,17.12573233773693,21.704092219020172,187.65414900060568,13.503785672684916,1014.0488341968911,5.570425787647584,1.4051061964239908,2.034,7.37,130.0
Portugal,Yes,66.0,5.693,1.221,1.431,0.999,0.508,0.047,0.025,2019.0,2391.0,7242.0,2.0,34.0,3.0,7622142.0,10329506.0,73.79,38.722252,-9.139337,17.502064220183485,14.187435456110155,21.61887550200803,224.1566985645933,13.38958573072497,1017.7646305991855,3.3,2.0999999,1.267,8.22,39.0
Pakistan,No,67.0,5.653,0.677,0.886,0.535,0.313,0.22,0.098,2019.0,124913.0,18214.0,44.0,643.0,29.0,61837331.0,220800300.0,30.68,14.52565907141539,39.600897090979544,19.481054615717614,15.491416728558082,24.285958068351345,184.09534826954646,10.421838961362653,1010.8521366391855,14.378452771618571,-2.8072713772685445,2.868,7.17,716.0
Russia,No,68.0,5.648,1.183,1.452,0.726,0.334,0.082,0.031,2019.0,75166.0,154181.0,168.0,4764.0,252.0,109446612.0,143989754.0,76.01,55.75582599999999,37.6173,8.027953890489913,4.373409742120344,11.78756446991404,202.148,7.208366993652626,1015.0531073446328,3.866569377322988,2.5559714671091127,2.993,8.06,5184.0
Philippines,Yes,69.0,5.631,0.807,1.293,0.657,0.558,0.117,0.107,2019.0,32138.0,39802.0,30.0,207.0,27.0,63003313.0,104918090.0,60.05,14.599512,120.98422000000001,28.367965616045844,25.275114678899083,31.628538681948427,145.39127686472818,8.808414985590778,1009.9558194774347,5.4142850089752725,0.6547427020806125,2.417,7.28,264.0
Serbia,No,70.0,5.603,1.004,1.383,0.854,0.282,0.137,0.039,2019.0,10721.0,5066.0,2.0,52.0,3.0,6182411.0,8790574.0,70.33,44.786567999999995,20.448922,14.764297994269342,10.591289398280802,19.73868194842407,197.91555812608445,7.412363427257045,1016.8241879350347,5.1,1.3,1.797,7.42,57.0
Moldova,No,71.0,5.529,0.685,1.328,0.739,0.245,0.181,0.0,2019.0,2141.0,3800.0,1.0,22.0,1.0,3083783.0,4051212.0,76.12,47.010453,28.863810000000004,12.341652323580034,7.0883467278989665,17.464486517498568,207.37718204488777,12.426112073945696,1016.491038961039,5.231136039520948,2.0185675151949956,1.909,7.42,24.0
Libya,No,72.0,5.525,1.044,1.303,0.673,0.416,0.133,0.152,2019.0,3460.0,209.0,16.0,127.0,10.0,1387116.0,6374616.0,21.76,32.887209,13.191338,21.487150837988825,17.605656424581007,26.210893854748605,184.8167501789549,12.20963687150838,1016.9400139664805,5.557624590176617,1.866813484425512,3.166,7.4,153.0
Montenegro,No,73.0,5.523,1.051,1.361,0.871,0.197,0.142,0.08,2019.0,571.0,492.0,0.0,1.0,0.0,448260.0,628960.0,71.27,42.43042,19.259363999999998,17.572690763052208,12.161250730566922,21.89007585335019,141.60507482108002,6.923506493506494,1016.1856493506493,5.3,1.2,1.847,7.41,1.0
Tajikistan,No,74.0,5.467,0.493,1.098,0.718,0.389,0.23,0.144,2019.0,4890.0,1732.0,1.0,12.0,3.0,1959127.0,8921343.0,21.96,21.239188487786933,18.226338588097335,19.534486023668375,15.500669097672578,24.21795147848116,181.01908053434113,12.176682965121035,1013.5279700715159,5.608019494722035,1.8028163067888177,2.095,7.41,16.0
Croatia,Yes,75.0,5.432,1.155,1.266,0.914,0.296,0.119,0.022,2019.0,3244.0,2929.0,1.0,60.0,2.0,2811056.0,4189353.0,67.1,45.815011000000005,15.981919,14.867603211009174,10.455364314400459,19.243800229621122,152.1642078255292,7.349106628242075,1017.6951298701299,4.9,1.5,1.48,7.42,63.0
Hong Kong,No,76.0,5.43,1.438,1.277,1.122,0.44,0.258,0.287,2019.0,-6056.224293403866,3512.446798038305,95.23402092800848,703.6272024330365,59.48818755779216,6585678.0,7364883.0,89.42,22.396428,114.10949699999999,24.519896788990824,22.281422018348625,27.204587155963303,119.87477849970466,15.81406429391504,1012.5084686774943,4.705123876535081,1.935178120532953,1.868086176745978,7.57,858.3494109188371
Dominican Republic,No,77.0,5.425,1.015,1.401,0.779,0.497,0.113,0.101,2019.0,3832.0,3722.0,14.0,18.0,4.0,6997472.0,10766998.0,64.99,18.486058,-69.931212,26.02464183381089,22.780195177956372,30.690298507462686,60.96817625458996,8.507920792079208,1015.5402154398563,5.28494793795417,1.883457684525427,2.024,7.4,36.0
Bosnia and Herzegovina,Yes,78.0,5.386,0.945,1.212,0.845,0.212,0.263,0.006,2019.0,3710.0,1303.0,0.0,7.0,0.0,2437026.0,3507017.0,69.49,28.98734849833346,17.747091455910414,19.590532942908677,15.458810437018968,24.17820010865607,180.82080416667247,12.298890665628994,1013.6780064914104,5.42836329545777,2.018851917661295,1.97,7.41,7.0
Turkey,No,79.0,5.373,1.183,1.36,0.808,0.195,0.083,0.106,2019.0,44457.0,3941.0,37.0,239.0,18.0,52225879.0,80745020.0,64.68,30.514103386703283,31.525570489565858,19.367972398806224,15.337875605309122,24.585738039522436,180.52669698725097,11.944481079993215,1013.4535922277623,7.1,1.6,2.843,8.02,294.0
Malaysia,Yes,80.0,5.339,1.221,1.171,0.828,0.508,0.26,0.024,2019.0,10888.0,3388.0,16.0,94.0,9.0,25343685.0,31624264.0,80.14,29.340218577741233,24.915901266831575,19.535267688439678,15.461934646159172,24.153501376103602,180.54427871264411,11.947133502626682,1013.6796830883143,5.421611069952286,1.7831062489243497,1.515,7.41,119.0
Belarus,Yes,81.0,5.323,1.067,1.465,0.789,0.235,0.094,0.142,2019.0,8483.0,9807.0,6.0,194.0,5.0,7048231.0,9468338.0,74.44,53.90454,27.561523999999995,9.196618911174784,4.909747706422019,13.212442660550458,202.81262327416172,13.40753739930955,1015.0534635879219,7.0,3.4000001,2.285,7.43,205.0
Greece,Yes,82.0,5.287,1.181,1.156,0.999,0.067,0.0,0.034,2019.0,6226.0,3958.0,3.0,160.0,5.0,7799565.0,11159773.0,69.89,37.983917,23.72936,19.146532951289398,15.231512363427257,23.680333525014376,163.84401294498383,7.78521332554062,1015.1088311688312,4.7,1.8,1.932,8.25,168.0
Mongolia,Yes,83.0,5.285,0.948,1.531,0.667,0.317,0.235,0.038,2019.0,2266.0,3340.0,2.0,14.0,1.0,729236.0,3075647.0,23.71,21.16354587937859,17.551132940686834,19.550519966286622,15.498837892439482,24.18371712743289,180.9128837735182,12.174868807867213,1013.6463460942488,5.329086204880132,1.9703455471181,1.783,7.42,17.0
North Macedonia,No,84.0,5.274,0.983,1.294,0.838,0.345,0.185,0.034,2019.0,2771.0,972.0,0.0,10.0,0.0,24412786.778139994,49505003.9038671,51.495258076646294,19.71642951533449,28.834408777409084,19.430464961686575,15.541047437298818,24.193008714440133,181.25914832048073,11.323367216066858,1013.0511290950222,6.6,1.0,1.744,7.3,10.0
Nigeria,No,85.0,5.265,0.696,1.111,0.245,0.426,0.215,0.041,2019.0,70181.0,45888.0,3.0,233.0,2.0,30557175.0,190015955.0,27.51,-3.9641517473184535,38.718440874749206,19.421526974740992,15.687187771584707,23.91396408901838,185.1805149972167,8.175818986329245,1010.5570363812777,10.524698542526071,-3.272890518360721,2.712,7.32,238.0
Kyrgyzstan,Yes,86.0,5.261,0.551,1.438,0.723,0.508,0.3,0.023,2019.0,2770.0,2862.0,7.0,43.0,4.0,2309235.0,6045117.0,38.2,42.874621,74.569762,11.454275534441805,5.29352731591449,17.97369358669834,157.1320293398533,11.411596842744384,1016.6037674919269,5.372093293892224,1.9123309400010269,1.998,7.41,54.0
Turkmenistan,Yes,87.0,5.247,1.052,1.538,0.657,0.394,0.244,0.028,2019.0,3608.0,2349.0,11.0,42.0,4.0,1223591.0,5758075.0,21.25,37.960077,58.326063,19.456045845272207,13.724153757888699,25.29243119266055,196.34668335419275,12.087873563218391,1015.5519430051813,5.486269468784356,1.8963765144775064,2.154,7.41,57.0
Algeria,Yes,88.0,5.211,1.002,1.16,0.785,0.086,0.073,0.114,2019.0,22229.0,1285.0,31.0,365.0,17.0,19704622.0,41318142.0,47.69,36.752887,3.042048,19.602922636103152,16.525845272206304,24.01542002301496,176.15151515151516,10.405354058721933,1017.1906690140845,6.669383667939338,1.3811362293604785,2.31,7.34,413.0
Morocco,No,89.0,5.208,0.801,0.782,0.782,0.418,0.036,0.076,2019.0,27728.0,1108.0,21.0,291.0,12.0,22072765.0,35739580.0,61.76,33.97159,-6.849813,17.477134670487104,12.24255935147655,22.47393063583815,197.66321913380736,9.337965700768775,1017.048943874472,6.833999324820448,1.760153589337817,2.015,7.35,324.0
Azerbaijan,No,90.0,5.208,1.043,1.147,0.769,0.351,0.035,0.182,2019.0,8004.0,4044.0,1.0,31.0,3.0,7763795.0,9827589.0,79.0,40.409262,49.867092,15.6699196326062,11.729047072330655,19.59374282433984,232.71565686862627,19.27370838117107,1015.9253179890975,6.4,1.5,2.334,7.41,35.0
Lebanon,No,91.0,5.197,0.987,1.224,0.815,0.216,0.166,0.027,2019.0,3389.0,262.0,10.0,79.0,6.0,4755187.0,6082357.0,78.18,33.888629,35.495479,21.77028112449799,19.10599520383693,24.62953864589575,170.24589127686474,12.311750599520384,1014.0208155812538,5.405003436461312,1.9883091961710175,2.797,7.4,95.0
Indonesia,Yes,92.0,5.192,0.931,1.203,0.66,0.491,0.498,0.028,2019.0,110127.0,17644.0,50.0,378.0,34.0,85242816.0,263991379.0,32.29,-6.208763,106.84559899999999,28.29260744985673,25.17025761124122,31.889884393063586,182.3022014676451,6.76321243523316,1010.0217616580311,13.228683994241107,-4.010813266058881,1.783,6.55,462.0
China,Yes,93.0,5.191,1.029,1.125,0.893,0.521,0.058,0.1,2019.0,1516904.0,514659.0,331.0,6009.0,2064.0,765367947.0,1409517397.0,54.3,39.904211,116.407395,13.528080229226362,7.643979357798165,20.345756880733944,167.77330779054918,9.375215641173089,1016.1969047619048,82.84321602170161,-3.000979336804117,2.114,7.42,8404.0
Vietnam,No,94.0,5.175,0.741,1.346,0.851,0.543,0.147,0.073,2019.0,38776.0,52984.0,93.0,796.0,78.0,47359575.0,95540800.0,49.57,21.027764,105.83416,24.450945558739257,21.54695752009185,27.96989061600461,122.38185255198488,10.282881844380404,1010.0683810637055,5.949936546725903,0.745476792593279,1.835,7.43,967.0
Bhutan,Yes,95.0,5.082,0.813,1.321,0.604,0.457,0.37,0.167,2019.0,336.0,84.0,0.0,1.0,0.0,388541.0,807610.0,48.11,24.36313166704214,17.514679063927282,19.56771155919309,15.469202499655424,24.181169263855395,180.86380836434222,12.292221929343293,1013.6425063490176,5.2828386231004325,2.000598248719997,1.51,7.41,1.0
Cameroon,No,96.0,5.044,0.549,0.91,0.331,0.381,0.187,0.037,2019.0,10482.0,8420.0,1.0,69.0,0.0,5580465.0,24053727.0,23.2,18.194383221676702,20.04941995149411,19.587095609969715,15.430956810335772,24.290814528192307,181.31383028191837,11.751242586896486,1013.3553784933429,5.885847469660462,1.4477896519237987,2.7,7.41,70.0
Bulgaria,No,97.0,5.011,1.092,1.513,0.815,0.311,0.081,0.004,2019.0,9226.0,8139.0,2.0,52.0,3.0,4492326.0,7084571.0,63.41,26.677606463645013,17.640245882339524,19.639863431290596,15.482949094977876,24.118346723945024,180.80344778664042,12.138873499193418,1013.773336051133,4.0,1.5,1.577,7.44,57.0
Ghana,No,98.0,4.996,0.611,0.868,0.486,0.381,0.245,0.04,2019.0,12869.0,10154.0,0.0,52.0,0.0,10922179.0,28833629.0,37.88,5.603716999999999,-0.18696400000000002,27.634154727793696,24.948651817116062,31.520267131242743,218.49844816883922,15.302776064157927,1011.5376477909148,5.855972194724482,1.48082143473987,1.715,7.4,52.0
Ivory Coast,No,99.0,4.944,0.569,0.808,0.232,0.352,0.154,0.09,2019.0,6782.346533101787,6740.789940965307,97.23155836753659,648.2672976840781,51.738630704678414,10650818.0,24294750.0,43.84,22.31779989412359,20.14088769156265,19.60096895229224,15.39609091639026,24.25715876834125,181.1826182636406,11.878407654964889,1013.4966342767066,5.575801867271869,1.594915278645284,2.123,7.39,797.2374867562932
Nepal,No,100.0,4.913,0.446,1.226,0.677,0.439,0.285,0.089,2019.0,23974.0,6831.0,1.0,28.0,1.0,6271270.0,29304998.0,21.4,18.818765450303907,18.896421173472437,19.544599694468005,15.509494312231094,24.21228604004491,181.31694864649455,12.070137814455682,1013.3317281985959,6.884521199010755,1.439599477843739,2.033,7.41,30.0
Jordan,Yes,101.0,4.906,0.837,1.225,0.815,0.383,0.11,0.13,2019.0,3145.0,186.0,1.0,11.0,1.0,6480202.0,9702353.0,66.79,26.305785838082244,19.518760663532937,19.583554365405263,15.473300459432402,24.151121441614862,180.82680321134302,12.203648424237112,1013.6070186387094,5.378873913484986,1.8905296424611198,1.916,7.39,13.0
Benin,No,102.0,4.883,0.393,0.437,0.397,0.349,0.175,0.082,2019.0,2419.0,1971.0,0.0,13.0,0.0,1578008.0,11175692.0,14.12,6.496857000000001,2.628852,27.498494764397904,24.592090395480227,30.43007217321572,181.13941753286392,12.032880960730964,1013.4325936142387,5.495066095649374,1.663644379673796,2.093,7.4,13.0
Congo (Brazzaville),No,103.0,4.812,0.673,0.799,0.508,0.372,0.105,0.093,2019.0,29317.119962607816,15927.26787695044,87.25941882718487,584.0178711867761,63.75903568975809,24413280.078066014,49520922.018999614,44.185982138978645,20.80405708454358,23.00846402065058,19.55968964760424,15.477320834662166,24.190531080560802,181.12107993317525,11.66353146965892,1013.5154464972973,6.637519723535525,1.4236307471600136,2.182649573743216,7.39,735.0363257037191
Gabon,No,104.0,4.799,1.057,1.183,0.571,0.295,0.043,0.055,2019.0,828.0,897.0,1.0,6.0,0.0,1019049.0,2025137.0,50.32,0.416198,9.467268000000002,26.61977077363897,24.013847045191195,29.303084982537833,202.60652709359607,11.725908278737343,1011.2999397227246,5.2876382379605715,1.9851730870470312,2.074,7.41,7.0
Laos,No,105.0,4.796,0.764,1.03,0.551,0.547,0.266,0.164,2019.0,1484.0,2381.0,1.0,12.0,1.0,1749517.0,6858160.0,25.51,17.975706,102.63310399999999,27.90194842406877,23.10342205323194,33.141109101868594,145.7610103626943,5.684650259067357,1008.7014896373057,5.3388263263754965,1.8323351970116715,1.809,7.41,14.0
South Africa,No,106.0,4.722,0.96,1.351,0.469,0.389,0.13,0.055,2019.0,25381.0,27060.0,11.0,67.0,5.0,31858027.0,56717156.0,56.17,14.16020399089566,27.46793003654062,19.748493781236746,15.548239111697821,23.93120415534696,180.96278741262347,10.89770041595793,1013.5850587945182,5.7776924912216465,1.3608613819822626,2.344,6.24,83.0
Albania,No,107.0,4.719,0.947,0.848,0.874,0.383,0.178,0.027,2019.0,1556.0,737.0,1.0,23.0,1.0,2105339.0,2930187.0,71.85,41.327546,19.818698,16.81163323782235,10.948881239242686,23.772273249138923,186.49593967517401,6.900115141047784,1015.1412068965517,7.9,1.6,1.824,7.41,25.0
Venezuela,No,108.0,4.707,0.96,1.427,0.805,0.154,0.064,0.047,2019.0,12556.0,8621.0,31.0,24.0,5.0,20564451.0,31977065.0,64.31,10.480594,-66.903606,26.599481566820273,23.312252475247522,30.65587871287129,82.89720898570457,7.46555834378921,1012.9613545816734,5.533326621481345,1.6448202539924237,2.934,7.37,60.0
Cambodia,No,109.0,4.7,0.574,1.122,0.637,0.609,0.232,0.062,2019.0,3663.0,9655.0,2.0,26.0,2.0,5441827.0,16005373.0,34.0,11.544873,104.892167,28.482120343839544,24.689861194930597,32.85933375235701,161.01391788448157,9.666309823677581,1008.2812340966922,5.258419512383558,1.6705769589967914,2.008,7.42,30.0
Palestinian Territories,No,110.0,4.696,0.657,1.247,0.672,0.225,0.103,0.066,2019.0,29319.35440611212,15927.268078754174,87.29636151012684,579.2248374855199,64.70533847023779,24413280.07792481,49520922.020178325,41.35530607853646,19.764314004129133,23.020238047727776,19.553192767600166,15.497052891670283,24.173180738079722,181.12033460085559,11.66174595764185,1013.5138915287488,6.637746411294073,1.423141932633171,2.219130857262934,7.39,731.2265374658845
Senegal,No,111.0,4.681,0.45,1.134,0.571,0.292,0.153,0.072,2019.0,3467.0,1042.0,0.0,17.0,0.0,4698108.0,15850567.0,29.64,14.764504,-17.366029,24.56464183381089,22.004908338261387,27.93022010707912,207.22762148337597,14.926692209450831,1012.2263461538462,5.555238200350374,1.5932219862082806,1.864,7.39,17.0
Somalia,No,112.0,4.668,0.0,0.698,0.268,0.559,0.243,0.27,2019.0,851.0,903.0,1.0,18.0,0.0,294851.0,14742523.0,2.0,2.046934,45.318162,26.041104294478526,23.294631901840493,29.50138036809816,155.85253456221199,21.36411042944785,1011.7109907120744,5.543904046752804,1.4456421582697219,3.211,7.39,19.0
Namibia,No,113.0,4.639,0.879,1.313,0.477,0.401,0.07,0.056,2019.0,827.0,1034.0,0.0,3.0,0.0,933450.0,2533794.0,36.84,21.116677891195643,17.782820172454375,19.597539401607776,15.451779968649628,24.199317723357062,180.89172229408587,12.230672661021526,1013.624607759607,5.294457581236393,1.9632129916640602,1.927,7.41,3.0
Niger,No,114.0,4.628,0.138,0.774,0.366,0.318,0.188,0.102,2019.0,3128.0,1041.0,0.0,13.0,0.0,2194985.0,21477348.0,10.22,13.511596,2.125385,31.381719197707735,25.246278130409692,37.754953917050685,161.86358024691359,12.350116959064328,1010.5742925948224,5.72964919589835,1.2715074120950258,2.589,7.38,13.0
Burkina Faso,No,115.0,4.587,0.331,1.056,0.38,0.255,0.177,0.113,2019.0,3499.0,6895.0,0.0,52.0,0.0,3047909.0,19193382.0,15.88,12.371428,-1.51966,30.639541547277936,24.696871310507674,37.1882966396292,158.14431673052363,10.532202344231957,1011.1284735202491,5.489421561986515,1.441433856882857,2.527,7.41,52.0
Armenia,Yes,116.0,4.559,0.85,1.055,0.815,0.283,0.095,0.064,2019.0,3243.0,802.0,1.0,5.0,0.0,2043110.0,2930450.0,69.72,26.207210160220768,17.668446627267517,19.615078812200792,15.486147740826034,24.138602500445554,180.82477624664827,12.311385410285297,1013.6685322688867,5.1,2.0193835136235543,2.075,7.41,6.0
Iran,No,117.0,4.548,1.1,0.842,0.785,0.305,0.27,0.125,2019.0,43536.0,2976.0,226.0,1986.0,122.0,49038556.0,81162788.0,60.42,35.72675580737689,26.520071900624984,19.61503591600525,15.41433122726471,24.359047602290655,180.9782984094296,12.31488595109672,1013.4936822455387,7.758922181638937,1.2412661343146514,2.637,7.26,2334.0
Guinea,No,118.0,4.534,0.38,0.829,0.375,0.332,0.207,0.086,2019.0,2570.0,1850.0,0.0,15.0,0.0,1449758.0,12717176.0,11.4,9.641185,-13.578401,27.210340843443095,23.932595693779906,30.64292480757845,254.4829833454019,10.091529709228825,1011.6514877102198,5.550455546188919,1.6050679329632613,2.069,7.4,15.0
Georgia,No,119.0,4.519,0.886,0.666,0.752,0.346,0.043,0.164,2019.0,3211.0,2259.0,3.0,17.0,2.0,2366406.0,3912061.0,60.49,24.22986731913008,17.840189863507486,19.57230374134986,15.503392119798718,24.05777494384843,180.84642594682097,12.235755704484284,1013.6677583677991,6.4,2.7,2.054,7.41,22.0
Gambia,No,120.0,4.516,0.308,0.939,0.428,0.382,0.269,0.167,2019.0,504.0,508.0,0.0,3.0,0.0,24412760.006406456,49503745.322431326,28.58346941085128,13.454876,-16.579032,25.92993119266055,20.725696055684455,33.18836805555556,223.7179648241206,10.996252230814992,1011.0121843434343,5.185589522293849,0.8537105027321528,1.853,7.29,3.0
Kenya,Yes,121.0,4.509,0.512,0.983,0.581,0.431,0.372,0.053,2019.0,5738.0,15862.0,6.0,59.0,2.0,8861485.0,49699862.0,17.83,7.9411398338802925,25.13392156563838,19.475944256541762,15.640156986189588,24.050952818347085,182.07390262635687,10.71188056848451,1012.7898518015255,5.652413382505416,0.5020609995096075,2.254,7.39,67.0
Mauritania,No,122.0,4.49,0.57,1.167,0.489,0.066,0.106,0.088,2019.0,1428.0,165.0,0.0,4.0,0.0,919398.0,4420184.0,20.8,18.07353,-15.958237,25.543475452196386,21.053040103492886,31.84835164835165,184.24805699481865,17.496761658031087,1011.9191062176167,5.396426260206147,1.8884228699553036,2.29,7.41,4.0
Mozambique,No,123.0,4.466,0.204,0.986,0.39,0.494,0.197,0.138,2019.0,1956.0,4925.0,7.0,96.0,3.0,6162217.0,29668834.0,20.77,-25.891968,32.605135,23.231077981651374,18.418727490996396,29.138258258258258,137.69609724888036,15.04772439949431,1017.4106658047834,5.520149741121733,1.0896152862900057,2.123,7.38,106.0
Tunisia,Yes,124.0,4.461,0.921,1.0,0.815,0.167,0.059,0.055,2019.0,7553.0,723.0,10.0,105.0,6.0,6400330.0,11532127.0,55.5,36.806495,10.181532,19.59404011461318,15.167396313364055,24.87704257767549,206.45264452644525,13.002920560747663,1015.7413507109004,5.703078238812666,1.8941855992094985,2.108,7.39,121.0
Bangladesh,No,125.0,4.456,0.562,0.928,0.723,0.527,0.166,0.143,2019.0,83912.0,10147.0,11.0,234.0,7.0,30530435.0,164669751.0,18.02,23.810332,90.41251799999999,26.500859598853868,23.04152785755313,30.677395295467587,186.6659038901602,9.258562244301578,1007.9959196891191,12.170965406714313,-2.2880378557679935,2.068,7.24,252.0
Iraq,No,126.0,4.437,1.043,0.98,0.574,0.241,0.148,0.089,2019.0,25637.0,817.0,31.0,391.0,12.0,18892351.0,38274618.0,49.36,33.312806,44.361488,24.630492196878752,17.48451380552221,31.542496998799518,246.56919223544145,13.350511124473844,1010.028950777202,6.904338096729029,1.5332933741165489,3.257,7.35,434.0
Congo (Kinshasa),No,127.0,4.418,0.094,1.125,0.357,0.269,0.212,0.053,2019.0,29324.7861174226,15927.26856931927,87.3884181943678,567.3518093056882,67.00311749404787,24413280.077581566,49520922.023043476,34.43983985726713,17.22479323539922,23.049426769845176,19.576030224307427,15.414767303263396,24.263896359739274,181.11848931543227,11.65735258259088,1013.5100800491102,6.638269969176749,1.4219209913590698,2.3079699318989535,7.39,721.7433449941038
Mali,No,128.0,4.39,0.385,1.105,0.308,0.327,0.153,0.052,2019.0,3424.0,2071.0,0.0,16.0,0.0,2358540.0,18541980.0,12.72,12.639232,-8.002889,30.052951289398283,23.50612009237875,36.89653579676674,145.88475390156063,10.14423076923077,1012.271377672209,5.655508904915986,1.4061856797633827,2.813,7.39,16.0
Sierra Leone,No,129.0,4.374,0.268,0.841,0.242,0.309,0.252,0.045,2019.0,1591.0,1904.0,0.0,9.0,0.0,1000575.0,7557212.0,13.24,8.465677,-13.231722,27.20052204176334,24.493134715025906,30.116126943005185,254.52077747989276,10.182253886010363,1011.418329015544,5.411107222246033,1.7839585321737297,1.813,7.41,9.0
Sri Lanka,Yes,130.0,4.366,0.949,1.265,0.831,0.47,0.244,0.047,2019.0,7538.0,7296.0,16.0,93.0,8.0,7121116.0,20876917.0,34.11,6.89407,79.902478,27.641489971346704,24.879276123759485,30.69827089337176,178.0508155583438,5.594229588704727,1009.6108522378909,5.621189178227443,1.5778048871854486,2.083,7.4,117.0
Myanmar,No,131.0,4.36,0.71,1.181,0.555,0.525,0.566,0.172,2019.0,26148.0,20452.0,17.0,150.0,12.0,16374103.0,53370609.0,30.68,13.023663346255688,23.622012770759397,19.518171388630133,15.578829826172125,24.173339499114427,181.63800234499612,11.130178424164793,1013.1587153516947,6.6159081145845615,0.9440776649516098,2.457,7.41,179.0
Chad,No,132.0,4.35,0.35,0.766,0.192,0.174,0.198,0.078,2019.0,2734.0,3381.0,0.0,13.0,0.0,968500.0,14899994.0,6.5,12.134846000000001,15.055742,30.351118760757316,23.248187134502924,37.81955109273479,148.9746835443038,12.193143203883494,1009.5352615384616,5.5597505902422775,1.5052373114034088,2.489,7.4,13.0
Ukraine,No,133.0,4.332,0.82,1.39,0.739,0.178,0.187,0.01,2019.0,43458.0,44744.0,41.0,1226.0,62.0,25260147.0,44222947.0,57.12,50.4501,30.5234,10.656045845272207,6.267452558941921,15.195071633237824,198.42959001782532,10.968087557603686,1016.0208972845336,5.9,3.0,2.66,7.51,1329.0
Ethiopia,No,134.0,4.286,0.336,1.033,0.532,0.344,0.209,0.1,2019.0,9657.0,19602.0,9.0,164.0,3.0,19543075.0,104957438.0,18.62,-1.317940342542311,34.27128839740211,19.423805289564875,15.7059804136675,23.94100332738247,183.38401051232432,9.415872958618076,1011.683249196534,6.352861347007341,-1.2736805089054335,2.613,7.3,176.0
Swaziland,No,135.0,4.212,0.811,1.149,0.0,0.313,0.074,0.135,2019.0,-12666.38117300226,-318.3136410443804,105.39321272589052,651.7944101071344,51.945316995100654,414278.0,1367254.0,30.3,17.911424421436074,17.95116517507395,19.6313922267965,15.391077879792647,24.289791911470637,181.10598744922993,12.058328547306248,1013.5578667865185,4.541464461750225,1.844611084481946,2.323689572938065,7.39,809.1329398281255
Uganda,No,136.0,4.189,0.332,1.069,0.443,0.356,0.252,0.06,2019.0,4808.0,15356.0,2.0,32.0,1.0,10162807.0,42862958.0,23.71,9.127589122224222,24.629617040448608,19.51336257544414,15.573896706076642,24.08953798258905,181.77892959487414,10.879663051289851,1012.9969824506962,5.432349048580852,0.8033437028535173,2.219,7.39,35.0
Egypt,No,137.0,4.166,0.913,1.039,0.644,0.241,0.076,0.067,2019.0,92169.0,6207.0,6.0,54.0,4.0,43850141.0,97553151.0,44.95,30.044419999999995,31.235712,23.450746268656715,18.810505166475316,28.602181400688863,176.45047732696898,14.596268656716418,1013.6753352769679,11.09090975196261,0.9442750461969878,2.397,7.31,64.0
Zambia,No,138.0,4.107,0.578,1.058,0.426,0.431,0.247,0.087,2019.0,3048.0,6870.0,4.0,38.0,2.0,4760715.0,17094130.0,27.85,15.197033950573456,20.159779126987193,19.556371806554452,15.526302230108417,24.1546507943472,181.1840589222707,11.749112608058596,1013.4279960121382,5.3585808062567235,1.5796588095756419,1.964,7.41,44.0
Togo,No,139.0,4.085,0.275,0.572,0.41,0.293,0.177,0.085,2019.0,1699.0,1568.0,0.0,16.0,0.0,963795.0,7797694.0,12.36,6.172497,1.231362,27.496103151862464,24.665630498533726,31.198245614035088,222.4463276836158,14.024529411764707,1011.5056019070321,5.434254919939412,1.7710062346708653,2.239,7.41,16.0
India,Yes,140.0,4.015,0.755,0.765,0.588,0.498,0.2,0.085,2019.0,1147669.0,343695.0,432.0,5865.0,278.0,461347554.0,1339180127.0,34.45,28.613939,77.209021,26.375014326647566,20.131763354394028,33.17423981640849,202.46637744034706,6.046635459332943,1007.8983544303796,75.21005878474894,-16.881162262445432,2.553,7.36,6575.0
Liberia,No,141.0,3.975,0.073,0.922,0.443,0.37,0.233,0.033,2019.0,672.0,1181.0,0.0,6.0,0.0,377607.0,4731906.0,7.98,14.351317924797016,18.005704339506337,19.55053940020013,15.519466176951752,24.20863678853363,180.99701206796576,12.157671907080438,1013.5439254469763,5.344241206318369,1.8547275071042921,1.998,7.41,6.0
Comoros,No,142.0,3.973,0.274,0.757,0.505,0.142,0.275,0.078,2019.0,95.0,68.0,0.0,1.0,0.0,69020.0,813912.0,8.48,-11.717216,43.247315,26.595987055016185,23.06433656957929,30.54957928802589,132.21941747572816,13.189838187702264,1013.9849093264248,5.281511749767653,1.9798793920706785,2.4274552252140067,7.41,1.0
Madagascar,No,143.0,3.933,0.274,0.916,0.555,0.148,0.169,0.041,2019.0,2345.0,4171.0,3.0,34.0,1.0,2505948.0,25570895.0,9.8,10.41862501450153,21.068353909084834,19.515773953384773,15.60860808622218,24.084031912309577,181.5883584433773,11.595713589170332,1013.0899646289173,5.643195224339676,1.1323562683817203,1.963,7.39,38.0
Lesotho,No,144.0,3.802,0.489,1.169,0.168,0.359,0.107,0.093,2019.0,884.0,1661.0,0.0,4.0,0.0,665312.0,2233339.0,29.79,17.779544860264863,17.67284560093045,19.600849985719137,15.445092039875487,24.284454645956203,180.89615251909336,12.211103938915,1013.629634851688,5.285946260293555,1.9721047124539761,2.202,7.42,4.0
Burundi,No,145.0,3.775,0.046,0.447,0.38,0.22,0.176,0.18,2019.0,1092.0,5400.0,1.0,12.0,0.0,607311.0,10864245.0,5.59,11.848421128381432,18.8323979590787,19.53170181489526,15.585069027596777,24.195112910331382,181.19835804993303,11.859633571749583,1013.4363356519533,5.332653061709395,1.6496692154444395,2.434,7.42,13.0
Zimbabwe,No,146.0,3.663,0.366,1.114,0.433,0.361,0.151,0.089,2019.0,2680.0,5156.0,14.0,92.0,9.0,4472992.0,16529904.0,27.06,14.71938476455297,19.943344855355186,19.543128273542678,15.552961172304343,24.224572534041677,181.188225744052,11.826273011842222,1013.415100795712,5.400708744081432,1.58048803957267,2.49,7.4,115.0
Haiti,No,147.0,3.597,0.323,0.688,0.449,0.026,0.419,0.11,2019.0,1913.0,4249.0,16.0,14.0,2.0,1353986.0,10981229.0,12.33,12.15121466425478,18.857678990356927,19.49556626440722,15.645040437205132,24.18413326057857,181.15432710214756,11.93119310555601,1013.4484222996782,5.397272759891666,1.6720152769454368,2.151,7.41,32.0
Botswana,No,148.0,3.488,1.041,1.145,0.538,0.455,0.025,0.1,2019.0,966.0,1031.0,1.0,4.0,0.0,948977.0,2291661.0,41.41,19.257741650682554,17.726406110816807,19.551585685966543,15.598833954962707,24.123681843443713,180.8815734361091,12.238428540583323,1013.6303613605942,5.302052283467701,1.976609182448253,1.753,7.41,5.0
Syria,No,149.0,3.462,0.619,0.378,0.44,0.013,0.331,0.141,2019.0,10701.0,567.0,7.0,101.0,5.0,6257430.0,18269868.0,34.25,18.54568043560503,19.26352726226905,19.55640084739051,15.587919743271488,24.343464338080437,181.07026912884822,12.20853647037834,1013.4422450901477,6.039909923636735,1.6594711325613594,3.371,7.39,113.0
Malawi,No,150.0,3.41,0.191,0.56,0.495,0.443,0.218,0.089,2019.0,1379.0,4415.0,2.0,28.0,1.0,2566126.0,18622104.0,13.78,11.705299324178043,20.250476221666997,19.478566564364357,15.673834779861085,24.109609268684657,181.35847073401465,11.73138173452668,1013.274759043767,5.44572788599308,1.402332913717855,1.909,7.4,31.0
Yemen,No,151.0,3.38,0.287,1.163,0.463,0.143,0.108,0.077,2019.0,11598.0,861.0,12.0,194.0,8.0,7548512.0,28250420.0,26.72,16.575685983656534,20.566803953278303,19.558074885722075,15.54297208364353,24.362029716015357,181.34834976339155,12.005574403306374,1013.2280027039284,6.2268790208252875,1.3251806418215173,3.407,7.37,214.0
Rwanda,No,152.0,3.334,0.359,0.711,0.614,0.555,0.217,0.411,2019.0,1900.0,5223.0,1.0,13.0,0.0,2657770.0,12208407.0,21.77,13.922624266772345,19.299130231842042,19.46869014407519,15.712265852967654,24.121172767261054,181.13053433525252,11.874598235294515,1013.4660019916597,5.333646913005522,1.67606319417308,2.028,7.41,14.0
Tanzania,No,153.0,3.231,0.476,0.885,0.499,0.417,0.276,0.147,2019.0,6427.0,19290.0,11.0,138.0,4.0,9169603.0,57310019.0,16.0,4.195756922087398,25.959687250932937,19.401433072884632,15.814641750341654,23.960006921621357,182.32826432340013,10.42964761704445,1012.6428093446873,5.719932434485935,0.24750488847516072,1.892,7.39,153.0
Afghanistan,No,154.0,3.203,0.35,0.517,0.361,0.0,0.158,0.025,2019.0,9154.0,583.0,16.0,313.0,10.0,4068194.0,35530081.0,11.45,13.177170536989571,21.011544819187588,19.53450156203096,15.626344634825852,24.325991974234896,181.8152659890876,11.757743432553626,1012.9128200307792,6.360632082246383,0.8895424149841891,3.631,7.36,339.0
CAR,No,155.0,3.083,0.026,0.0,0.105,0.225,0.235,0.035,2019.0,1027.0,2358.0,1.0,9.0,0.0,202204.0,4659080.0,4.34,4.394674,18.55819,28.32727793696275,23.580825958702064,34.76409221902017,253.06687163720215,5.2362976406533575,1010.053320918684,5.343995360713407,1.8691692880581185,3.131,7.42,10.0
South Sudan,No,156.0,2.853,0.306,0.575,0.295,0.01,0.202,0.091,2019.0,1441.0,575.0,1.0,7.0,0.0,1003542.0,12575714.0,7.98,11.891635245275552,19.13362253519592,19.48449481549723,15.683738475240414,24.34858327457572,181.222424051114,12.010599085776148,1013.3466159290246,5.5304815367271605,1.566668364154864,3.363,7.4,8.0
